words,00s,10s,50s,80s,90s
10,0,4,0,0,1
11,1,1,0,1,0
12,2,0,0,0,1
13,1,0,0,0,0
14,1,1,0,0,0
16,0,1,1,0,0
18,0,0,0,1,0
20,1,0,0,0,0
22,0,1,0,0,0
24,0,0,0,1,1
27,0,0,0,1,0
33,0,0,0,0,1
36,0,0,0,1,0
38,0,0,0,1,0
54,1,0,0,0,0
84,0,0,0,1,0
911,0,0,0,1,0
able,0,0,0,1,0
about,0,1,0,0,0
across,0,1,0,0,1
act,0,0,0,1,0
action,0,0,1,0,0
addicted,0,0,0,1,0
addiction,0,0,0,1,0
advice,0,1,0,0,0
affection,0,0,0,1,0
afraid,0,1,0,0,0
again,1,0,0,1,0
again1embed,0,1,0,0,0
age,0,0,0,0,1
ago,0,0,0,1,0
aim,0,0,0,1,0
ain,0,1,0,0,1
aint,5,10,1,4,4
air,0,0,1,0,0
aisle,0,1,0,0,0
alive,1,3,1,1,2
alive22embed,0,0,0,1,0
all,0,0,0,3,0
alley,0,0,0,1,0
alls,0,0,0,0,1
almost,0,1,0,0,0
alone,1,2,0,3,1
alright,2,1,0,4,1
also,8,18,3,13,8
although,0,2,0,0,0
always,1,3,0,3,1
always24embed,0,0,0,0,1
am,0,1,0,0,0
ambulance,0,3,0,0,0
america,0,1,0,0,0
american,0,1,0,0,0
anarchy,0,1,0,0,0
and,0,0,1,3,0
anesthesia,0,0,0,1,0
angel,0,1,0,1,0
anger,0,0,0,0,1
anguish,0,1,0,0,0
another,1,7,1,2,0
anothers,0,1,0,0,0
anybody,1,0,0,0,0
anybodys,0,0,0,0,1
anymore,0,1,1,0,1
anyone,1,0,0,0,0
anything,1,0,1,0,1
apologize,1,0,0,0,0
apology,1,0,0,0,0
arch,0,1,0,0,0
are,1,0,0,0,0
arkansas,0,2,0,0,0
arm,0,2,0,1,1
around,2,3,0,1,1
arrive,0,1,0,0,0
arrogant,0,1,0,0,0
arrow,0,0,0,0,1
ash,0,0,0,0,1
ask,1,2,0,0,0
asked,0,0,0,1,0
askin,0,1,0,0,0
asylum,0,1,0,0,0
attack,0,0,0,1,0
aurora,0,1,0,0,0
awake,0,1,0,0,0
away,2,1,0,5,6
aways,1,0,0,0,0
baby,2,4,3,7,6
back,3,5,1,4,3
backed,1,1,0,0,0
backseat,0,0,0,1,0
bad,1,0,0,2,1
badge,0,1,0,0,0
baffled,0,1,0,0,0
ball,0,1,0,0,0
band,0,0,0,2,1
bar,0,0,0,0,1
bare,0,0,0,0,1
bargain,0,0,0,0,1
barkeeper,0,0,0,0,1
basement,0,0,0,0,1
bathing,0,1,0,0,0
be,1,2,0,1,0
beach,0,1,0,0,0
bear,0,1,0,0,0
beat,1,0,0,1,1
beautiful,0,1,0,0,0
beauty,0,1,0,0,0
became,0,1,0,0,0
because,0,1,0,0,0
become,0,1,0,0,0
bed,0,2,1,0,2
beep,0,1,0,0,0
beg,0,0,0,0,1
begged,0,0,0,0,1
begun,0,1,0,0,1
behind,0,1,0,1,2
bein,0,0,0,1,0
believe,3,2,0,1,3
believed,1,0,0,0,0
bell,1,1,0,0,0
belong,0,0,0,0,1
bend,1,4,0,0,0
beneath,0,1,0,0,0
beside,1,0,0,0,0
best,1,0,0,0,0
bet,0,0,0,1,0
better,1,3,1,3,2
big,0,0,0,0,1
bill,0,2,0,1,0
billie,0,0,0,0,1
bird,0,0,0,0,1
birthday,0,0,1,0,0
bit,0,2,0,0,0
bitchin,0,0,0,0,1
bite,0,1,0,0,0
bitter,1,0,0,0,0
bittersweet,1,0,0,0,0
black,2,2,0,0,0
blame,0,0,0,1,1
blast,0,0,0,1,0
bleed,1,1,0,1,0
bleedin,0,0,1,0,1
bleeding,0,0,0,0,1
blessed,0,0,0,0,1
blessing,1,1,0,0,0
blew,0,0,0,0,1
blind,1,0,0,1,4
blonde,0,0,0,0,1
blood,0,3,0,2,3
bloodembed,0,0,0,1,0
blow,0,0,1,2,1
blowin,0,1,0,0,0
blowing,0,1,0,0,0
blue,1,0,0,0,0
boarded,0,2,0,0,0
bobby,0,0,0,1,0
body,0,1,0,0,0
bone,1,0,1,0,0
boot,0,1,0,0,0
border,0,3,0,0,1
born,2,3,1,1,1
bottle,0,0,0,2,1
bottom,0,1,0,0,0
bought,0,1,0,0,1
boulevard,0,0,0,0,1
bout,0,2,0,0,0
boy,2,1,1,4,0
brass,0,1,0,0,0
brave,1,0,0,0,0
brdige,0,0,0,0,1
break,1,4,0,3,0
breakdown,0,0,0,1,0
breakin,0,1,0,0,0
breaking,0,0,0,1,0
breath,0,2,0,1,0
breathe,2,3,1,0,0
brick,0,1,0,0,0
bridge,3,12,2,3,5
bring,0,0,0,1,0
brings,0,0,0,1,0
broadway,0,2,0,2,0
broke,0,1,0,0,0
broken,2,3,1,0,1
brokenhearted,1,1,0,0,0
broomstick,0,0,0,1,0
brother,0,1,0,1,0
brought,0,1,0,0,0
brush,0,1,0,0,0
buckle,0,0,0,1,0
build,0,1,0,0,0
building,0,1,0,0,0
built,0,3,1,0,0
bullet,0,0,0,1,0
bumpy,0,0,0,1,0
burn,0,1,0,0,1
burned,0,0,0,1,0
burnin,0,0,0,1,0
burning,0,0,0,0,2
burst,0,0,0,0,1
busted,0,0,0,1,1
bustin,0,0,0,1,0
butler,0,0,0,1,0
buy,0,0,2,0,0
buzz,0,1,0,0,0
by,0,1,0,0,0
bye,0,0,0,0,1
bystander,0,1,0,0,0
cable,0,1,0,0,0
california,0,1,0,0,0
call,2,2,0,3,1
calling,1,2,0,1,0
came,0,2,1,0,2
camp,0,1,0,0,0
can,2,3,0,0,0
can1embed,0,1,0,0,0
can2embed,0,1,0,0,0
cancel,0,1,0,0,0
candle,0,0,1,1,0
canembed,0,1,0,0,0
cant,1,8,2,4,4
captain,0,0,0,1,0
capture,0,0,0,0,1
car,1,0,0,1,1
card,0,0,0,1,0
care,0,2,0,0,0
cast,0,0,1,0,0
catching,0,0,1,0,0
caught,0,0,0,1,1
cause,1,2,1,4,3
central,0,2,0,0,0
chain,0,0,0,1,0
chair,0,1,0,0,0
chance,0,1,1,1,0
change,1,1,0,1,3
changed,0,0,0,0,1
cheap,0,0,0,1,1
chest,0,2,0,0,0
chew,0,1,0,0,0
chicago,0,0,0,1,0
chicken,0,2,0,0,0
child,0,3,0,0,2
chino,0,0,0,1,0
choir,0,1,0,0,0
choking,0,1,0,0,0
choose,0,1,0,0,1
chord,0,1,0,0,0
chorus,8,16,3,13,8
christ,0,2,0,0,0
church,0,2,0,0,0
cigarette,0,0,0,1,0
circlin,0,1,0,0,0
civilian,0,1,0,0,0
claim,0,1,0,0,0
clear,0,1,0,0,0
clerk,0,2,0,0,0
climb,0,2,0,0,0
close,0,2,0,2,2
closed,0,0,0,0,1
closer,0,3,0,0,0
closin,0,1,0,0,0
clothes,0,0,0,0,1
cloud,0,1,0,0,1
cloudy,0,1,0,0,0
clown,0,0,0,0,1
co,1,0,0,0,0
coal,0,1,0,0,0
coaster,0,1,0,0,0
coasterembed,0,1,0,0,0
coffee,0,1,0,0,0
cold,0,1,0,2,0
color,0,1,0,0,0
columbine,0,1,0,0,0
come,1,3,1,6,1
comin,0,4,0,0,0
coming,0,1,0,0,1
command,0,0,0,1,0
comment,0,1,0,0,0
commitment,0,0,0,0,1
composing,0,1,0,0,0
confession,0,1,0,0,0
confidence,0,1,0,0,0
confused,0,2,0,0,0
conscience,0,1,0,0,0
content,0,0,0,1,0
contributorsamerican,0,1,0,0,0
contributorsbeautiful,0,1,0,0,0
contributorsblood,0,1,0,0,0
contributorsdo,0,2,0,0,0
contributorsdry,0,0,0,0,1
contributorshallelujah,0,1,0,0,0
contributorsi,0,0,1,0,0
contributorsit,0,1,0,0,0
contributorslet,0,1,0,1,0
contributorslimitless,0,1,0,0,0
contributorslower,0,1,0,0,0
contributorsmisunderstood,1,0,0,0,0
contributorsnever,0,0,0,1,0
contributorsraise,0,0,0,1,0
contributorsroller,0,1,0,0,0
contributorsshot,0,0,0,1,0
contributorssocial,0,0,0,1,0
contributorsstory,1,1,0,0,0
contributorstranslationsenglishwe,1,0,0,0,0
contributorstranslationsespañollabor,0,1,0,0,0
contributorstranslationsespañolthis,0,1,0,0,0
contributorstranslationsportuguêsbad,0,0,0,1,0
contributorstranslationsportuguêsbecause,0,1,0,0,0
contributorstranslationsportuguêsbed,0,0,0,0,1
contributorstranslationsportuguêsblood,0,0,0,1,0
contributorstranslationsportuguêsborn,0,0,0,1,0
contributorstranslationsportuguêshave,1,0,0,0,0
contributorstranslationsportuguêsi,0,0,2,0,0
contributorstranslationsportuguêsin,0,0,0,0,1
contributorstranslationsportuguêskeep,0,0,0,0,1
contributorstranslationsportuguêslay,0,0,0,1,0
contributorstranslationsportuguêslivin,0,0,0,1,0
contributorstranslationsportuguêsrunaway,0,0,0,1,0
contributorstranslationsportuguêssomeday,0,0,0,0,1
contributorstranslationsportuguêsthese,0,0,0,0,1
contributorstranslationsportuguêsthis,0,0,0,0,1
contributorstranslationsportuguêswanted,0,0,0,1,0
contributorstranslationsportuguêswho,1,0,0,0,0
contributorstranslationsportuguêsyou,1,0,0,1,0
contributorstranslationsportuguêsελληνικάalways,0,0,0,0,1
contributorstranslationsportuguêsελληνικάit,1,0,0,0,0
contributorstranslationsελληνικάthank,1,0,0,0,0
contributorsunbroken,0,1,0,0,0
contributorswalls,0,1,0,0,0
contributorswhen,0,1,0,0,0
control,0,0,0,1,0
cool,0,0,0,1,0
cop,0,1,0,0,0
corner,0,0,0,0,1
couch,1,0,0,0,0
could,3,4,1,2,3
count,1,1,0,1,0
countdown,0,1,0,0,0
counted,0,1,0,0,0
counting,0,1,0,0,0
country,0,1,0,0,0
county,0,0,0,0,1
couple,1,0,0,0,0
cover,0,2,0,0,0
cowboy,0,0,0,1,0
cracked,0,1,0,0,0
crash,0,1,0,0,0
crashed,1,0,0,0,0
crazy,0,0,1,0,2
cried,1,0,1,0,1
crime,0,0,0,0,2
crooked,0,0,0,0,1
cross,1,4,0,1,1
crowd,1,2,0,0,1
crown,0,0,0,0,1
cry,0,2,2,2,3
cuff,0,1,0,0,0
cup,0,0,0,0,1
cure,0,0,0,2,0
cureembed,0,0,0,1,0
curse,2,1,0,0,0
cursed,0,0,0,0,1
curtain,0,0,0,1,0
curve,0,1,0,0,0
cut,0,3,0,1,0
cynical,1,0,0,0,0
daddy,1,1,0,2,1
damage,0,0,0,1,0
damn,1,1,0,0,0
danced,0,0,0,2,0
dancing,0,0,0,0,1
danny,0,0,0,1,0
dark,0,0,0,3,0
darkness,0,1,0,0,0
darling,0,0,0,1,0
daughter,0,2,0,0,0
david,0,1,0,0,0
day,1,8,1,5,3
dayembed,1,0,0,0,0
dayton,0,1,0,0,0
dead,1,1,1,2,1
deadembed,0,0,1,0,0
dean,0,0,0,0,1
dear,0,1,0,0,0
death,0,1,0,0,0
deep,0,1,0,1,0
deeper,0,1,0,0,1
defend,0,0,0,1,1
deny,0,0,0,0,1
departed,0,1,0,0,0
describe,0,1,0,0,0
desert,0,1,0,0,0
deserve,0,1,0,0,0
desperate,0,0,0,0,1
detroit,0,0,0,1,0
devil,0,2,0,0,1
diamond,1,1,1,0,0
dice,1,0,0,0,2
die,0,3,3,2,5
died,1,0,0,0,3
difference,1,0,0,1,0
different,1,1,0,0,1
differently,1,0,0,0,0
dig,0,1,0,0,0
dime,1,0,0,0,1
diner,0,0,0,1,0
dirt,0,1,0,0,1
dirty,0,0,1,1,1
disciple,0,0,0,0,1
disease,0,2,1,2,0
disguise,1,0,0,0,0
dish,0,1,0,0,0
distance,0,2,0,0,0
divide,0,1,0,0,0
do,0,0,1,0,0
dock,0,0,0,1,0
doctor,0,3,0,2,0
doe,0,0,0,1,0
dog,1,1,0,0,1
don,1,0,0,0,0
done,1,2,0,4,1
door,3,2,0,1,0
doubleds,0,0,0,1,0
doubt,0,2,0,0,0
douglas,0,1,0,0,0
dove,0,1,0,0,0
down,0,2,0,0,1
downembed,0,1,0,0,0
drag,1,0,0,0,0
drank,0,0,0,0,1
dream,3,4,0,3,6
dreamer,0,1,0,0,0
dress,0,0,0,1,0
drew,0,1,0,0,0
drink,0,1,0,1,0
drive,0,0,1,1,0
drop,0,1,0,0,0
drove,1,1,0,0,1
drownin,0,0,1,0,0
drowning,1,0,0,0,1
drug,0,1,0,1,0
drug2embed,0,1,0,0,0
drum,0,0,0,1,0
drunk,0,0,1,0,0
dry,0,0,0,0,2
dug,1,0,0,0,0
dumb,1,0,0,0,0
dyin,0,1,0,0,0
dynamite,0,0,0,1,0
ear,0,2,0,0,0
east,0,2,0,0,0
easy,0,0,0,0,1
eden,0,0,1,0,0
edge,0,1,0,0,0
edit,0,1,0,0,0
eight,0,0,1,0,0
eighteen,0,1,0,0,0
el,0,1,0,0,1
elementary,0,1,0,0,0
else,1,1,0,0,0
end,1,4,0,1,4
enough,1,1,0,1,1
enter,0,1,0,0,0
erase,1,0,0,0,1
eve,0,0,1,0,0
even,1,4,0,1,1
ever,1,3,0,1,1
every,2,3,1,2,2
everybody,0,1,0,1,2
everybodys,0,0,0,0,1
everyday,1,0,0,0,0
everything,1,2,1,2,1
everywhere,0,0,0,1,0
evidence,0,1,0,0,0
exploding,0,0,1,0,0
eye,1,6,0,1,4
face,3,4,0,1,4
fact,1,0,0,0,0
fade,0,1,0,0,1
fahrenheit,0,1,0,0,0
fail,0,1,0,0,0
fair,0,1,0,0,0
faith,0,2,0,0,1
faith1embed,0,0,0,0,1
faithdeparted,1,0,0,0,0
fake,0,0,0,1,0
fall,1,3,0,1,2
fallin,0,1,0,0,0
falling,0,0,0,1,0
familiar,0,1,0,0,0
family,0,3,0,0,0
fancy,0,0,0,1,0
fantasy,1,0,0,0,0
far,1,1,0,0,1
farm,0,2,0,0,0
fast,0,0,0,1,1
fate,0,1,0,0,0
father,0,1,0,0,1
favorite,0,0,0,2,0
feel,2,0,1,0,1
feelin,0,3,0,0,0
feeling,1,2,0,2,4
fell,0,1,0,0,0
felt,0,2,0,0,0
fever,0,3,0,1,0
fffade,0,0,0,0,1
fifth,0,1,0,0,0
fight,0,2,0,3,0
fighter,0,0,0,1,1
figure,0,2,0,0,0
final,0,1,0,0,0
finally,0,0,0,0,1
find,2,4,0,3,3
finding,0,1,0,0,0
finger,0,1,0,0,1
fingertip,0,0,0,1,0
fire,0,5,1,4,2
first,2,1,0,2,0
fist,0,0,0,0,1
fistful,0,0,0,1,0
fit,0,1,0,0,0
five,1,2,1,0,0
flag,0,2,0,1,0
flame,0,1,0,0,1
flavor,0,0,0,1,0
flesh,0,0,0,1,0
flood,0,1,0,0,1
floor,0,2,0,0,0
florida,0,1,0,0,0
fly,2,2,0,1,2
follow,1,0,0,0,0
fool,0,1,0,0,1
foot,1,2,1,0,1
footstep,0,0,0,0,1
for,0,0,0,1,0
forecast,0,1,0,0,0
forever,1,3,0,2,2
forget,0,3,1,0,1
forgive,0,0,0,0,1
forgiven,0,0,0,0,1
forgiveness,1,2,0,0,0
foster,0,0,0,0,1
found,1,1,0,1,0
four,0,1,0,1,0
fourth,0,2,0,0,0
frankie,1,1,0,0,0
free,0,1,0,2,0
french,0,0,0,0,1
friday,0,0,0,0,1
friend,1,2,0,2,0
front,0,2,0,1,0
full,0,1,0,1,1
fun,0,0,0,1,0
funny,0,0,0,0,1
future,0,0,0,0,1
game,0,2,0,2,0
gate,0,0,1,0,0
gave,1,1,0,1,1
generator,0,0,0,1,0
getting,1,3,0,0,2
ghost,0,1,0,0,2
gilroy,0,1,0,0,0
gina,1,1,0,1,0
girl,0,0,2,3,0
girlfriend,0,0,0,1,0
give,1,4,1,4,2
given,0,0,0,0,1
givin,1,0,0,0,0
giving,0,0,0,1,1
glass,0,1,0,0,0
go,3,9,0,5,1
god,1,7,1,1,1
going,1,2,1,1,1
gold,1,1,0,0,1
gone,0,1,0,0,4
gonna,3,5,1,7,2
gonns,0,0,1,0,0
good,2,1,1,1,4
goodbye,0,1,1,2,1
goodembed,1,0,0,0,0
got,3,7,1,8,4
gotta,2,4,0,4,2
grab,0,1,0,0,0
grace,0,2,0,0,1
graceless,0,0,0,0,1
graduation,0,1,0,0,0
grain,0,1,0,0,0
grave,0,1,0,0,0
great,0,1,0,0,0
greatest,0,1,0,0,0
grey,1,0,0,0,0
grieve,0,1,0,0,0
grocery,0,2,0,0,0
ground,2,5,0,1,0
grow,0,1,0,0,0
grown,0,0,0,1,0
guarantee,0,0,0,1,0
guaranteed,0,1,0,2,0
guess,0,0,1,1,3
guilty,1,0,0,0,0
gun,0,0,0,2,2
gypsy,1,0,0,0,0
hack,0,1,0,0,0
haha,0,0,0,1,0
hair,1,1,0,0,1
haired,0,0,0,1,0
halfway,0,0,0,1,0
hallelujah,0,1,0,0,0
hallelujah1embed,0,1,0,0,0
hammered,0,1,0,0,0
hand,2,1,1,5,1
hands1embed,0,0,0,1,0
handsome,0,0,0,1,0
hang,1,0,0,1,0
hangin,0,0,1,0,0
hanging,1,0,0,0,1
hangover,0,0,0,0,1
happen,1,1,0,0,0
happy,0,0,1,0,0
hard,1,2,0,0,3
harder,1,1,0,0,0
hate,0,0,0,0,1
he,0,2,0,2,0
head,0,2,1,1,2
headed,1,0,0,0,0
heal,0,1,0,0,0
healing,0,3,0,0,0
healthy,0,0,1,0,0
hear,4,6,0,0,1
heard,0,2,1,1,1
hearing,0,1,0,0,0
heart,3,2,2,5,0
heartache,0,1,0,0,0
heaven,0,0,1,1,1
hed,0,0,0,0,1
held,0,0,0,3,0
hell,0,2,0,1,0
hello,1,1,0,0,0
help,0,1,0,2,1
helping,1,0,0,0,0
helpless,0,1,0,0,0
here,0,2,0,1,0
hero,0,0,0,1,1
hey,2,0,0,3,1
hide,0,1,0,1,1
hideandseek,0,0,0,1,0
hidin,0,0,1,0,0
high,0,4,0,0,0
higher,0,3,0,0,0
highgrade,0,0,0,1,0
highway,2,1,0,0,0
hijacked,1,0,0,0,0
hinge,0,1,0,0,0
history,1,1,0,0,0
hit,0,2,0,0,0
hitching,0,0,0,1,0
hock,0,0,0,1,0
hold,1,2,0,4,5
holdin,0,1,0,2,0
holding,0,0,0,0,1
holy,0,1,0,0,2
home,2,5,0,3,2
home2embed,1,0,0,0,0
hometown,1,0,0,0,0
homе,0,1,0,0,0
honest,0,2,0,0,0
honey,0,1,0,0,0
honor,0,1,0,0,0
hook,0,1,0,0,0
hope,2,0,0,0,0
hoped,0,0,0,1,1
hopeless,1,0,0,0,0
hopin,0,1,0,1,0
horse,0,0,0,2,0
hospital,0,2,0,0,0
hotel,0,0,0,0,1
house,0,2,0,1,0
how,1,1,0,0,0
hudson,0,2,0,0,0
hug,0,2,0,0,0
humble,0,1,0,0,0
humvee,0,1,0,0,0
hundred,0,2,0,0,1
hung,0,0,0,1,0
hunger,0,0,1,0,0
hungry,1,0,0,0,0
hurricane,0,1,0,0,0
hurt,0,1,1,0,1
hurtin,0,1,0,0,0
hurting,0,1,0,0,0
husband,0,1,0,0,0
id,0,2,2,3,5
ied,0,1,0,0,0
if,0,1,0,0,0
ignorant,0,1,0,0,0
ill,1,4,3,3,4
illinois,0,1,0,0,0
in,1,1,0,1,1
inbetween,0,1,0,0,0
infection,0,0,0,1,0
innocence,1,0,0,0,2
innocent,1,0,0,0,0
inside,0,1,1,1,1
intention,1,0,0,0,0
ironclad,0,0,0,0,1
is,0,1,0,0,0
isolation,0,1,0,0,0
it,2,3,1,3,0
itd,1,0,0,0,0
itll,0,0,0,1,0
ive,4,1,0,5,5
james,0,0,0,0,1
jean,0,0,0,0,1
jersey,0,0,0,1,0
jesus,0,0,0,0,1
jim,0,0,0,0,1
jimmy,0,0,0,0,1
job,0,1,0,1,2
joe,0,1,0,0,0
jones,0,0,0,1,0
judge,0,2,0,0,0
juliet,0,0,1,0,0
july,0,1,0,0,0
jumped,0,0,0,0,1
jumpin,0,1,0,0,0
jury,0,1,0,0,0
keep,1,4,2,1,4
keepin,0,1,0,0,0
key,1,1,0,1,0
kicked,0,0,0,0,1
kid,0,2,0,3,1
kidd,0,0,0,1,0
killing,1,0,0,0,0
kind,0,1,1,0,1
kinda,1,2,0,0,0
king,0,1,1,1,2
kingdom,0,0,0,1,0
kiss,0,4,0,2,1
kissed,0,1,0,0,0
kitchen,0,2,0,1,0
knee,1,3,0,1,2
knew,1,1,0,1,1
knife,0,1,0,0,1
knock,0,1,0,0,0
knocked,1,0,0,0,0
know,3,11,3,5,7
knowitalls,0,0,0,0,1
known,1,1,0,0,1
la,0,1,0,0,0
labor,0,1,0,0,0
ladder,0,0,0,0,1
last,1,5,0,0,1
late,1,2,0,0,1
lately,0,1,0,0,0
laugh,1,0,0,0,1
laughed,0,0,0,0,1
lawyer,0,0,0,1,0
lay,0,1,1,2,1
layin,0,1,0,0,1
le,0,2,0,0,0
leadlined,0,1,0,0,0
leaf,1,0,0,0,1
lean,0,0,0,0,1
learn,0,0,0,1,2
learned,0,1,0,1,0
least,0,0,0,0,1
leave,2,1,0,2,2
leavin,0,0,1,0,0
leaving,0,1,0,0,0
ledge,1,0,0,0,0
left,2,3,1,2,4
leg,0,0,0,0,1
legend,0,0,0,0,1
lejeune,0,1,0,0,0
let,2,8,1,6,1
liberator,0,1,0,0,0
lie,3,3,3,0,2
life,8,9,0,2,4
life1embed,1,0,0,0,0
life41embed,1,0,0,0,0
lifeembed,0,1,0,0,0
lift,0,1,0,0,0
light,2,8,0,2,0
lightning,0,1,0,0,0
like,5,11,2,4,6
likebridge,1,2,0,0,0
likechorus,6,8,2,2,4
likeguitar,0,0,0,2,0
likehallelujah,0,1,0,0,0
likeits,0,1,0,0,0
likepostchorus,0,0,0,1,0
likeprechorus,1,1,0,4,1
likethese,0,1,0,0,0
likeverse,0,4,1,4,3
limitless,0,1,0,0,0
limitless2embed,0,1,0,0,0
line,2,3,1,3,0
lip,1,3,0,1,1
lipstick,0,0,0,1,0
list,0,1,0,0,0
listened,0,0,0,0,1
little,0,5,1,3,0
live,2,6,2,5,2
lived,2,1,0,0,0
livin,1,0,0,1,0
living,1,1,1,1,0
ll,1,0,2,0,1
loaded,0,0,0,2,1
lock,1,0,0,0,0
lodged,0,0,0,0,1
london,0,0,0,1,0
lonely,0,0,0,1,1
long,1,1,0,3,2
look,3,3,0,2,2
looked,0,1,0,0,0
lookin,0,1,0,1,0
looking,3,2,1,0,1
loose,0,0,0,1,0
looted,0,1,0,0,0
lord,0,1,0,0,1
lose,0,1,0,0,0
lost,1,0,0,1,0
lot,0,0,1,2,0
loud,1,1,0,0,0
love,0,12,2,7,7
loved,0,3,0,0,0
loveembed,0,2,0,0,0
loving,1,0,0,0,0
lower,0,1,0,0,0
luck,1,1,0,1,1
lucky,1,1,0,0,0
lust,0,1,0,0,0
lying,0,1,0,1,0
lyricschorus,0,2,0,1,0
lyricsintro,1,2,0,6,4
lyricsthis,0,1,0,0,0
lyricsverse,7,12,3,6,4
lyricswell,0,1,0,0,0
machine,0,1,0,0,0
mad,0,0,0,0,1
made,0,1,0,3,4
major,0,1,0,0,0
make,4,5,2,4,3
mama,1,1,0,0,0
man,2,0,1,5,4
manning,0,2,0,0,0
many,0,0,0,0,1
marble,0,1,0,0,0
march,0,1,0,0,0
marching,0,0,0,0,1
margies,0,1,0,0,0
marjory,0,1,0,0,0
mask,0,1,0,0,0
masquerade,0,0,0,0,1
masterpiece,1,0,0,0,0
matter,1,1,0,0,0
may,0,1,0,0,1
maybe,0,3,1,0,0
me,2,3,0,4,1
me1embed,0,0,0,1,0
me4embed,1,0,0,0,0
meadow,0,2,0,0,0
mean,0,0,2,0,1
meant,0,1,0,1,2
medal,0,1,0,0,0
medication,0,1,0,0,0
medicine,0,0,0,2,0
medicine8embed,0,0,0,1,0
medium,0,1,0,0,0
meet,0,1,1,1,0
melody,2,0,0,0,0
memory,3,3,0,0,1
memoryembed,1,0,0,0,0
men,0,3,0,1,0
mercy,0,2,0,0,0
merrygoround,0,1,0,0,0
message,0,0,0,1,0
met,0,3,0,0,0
middle,0,1,0,0,0
midnight,0,0,0,0,1
might,8,18,3,13,8
mighty,0,1,0,0,0
mile,1,2,0,1,0
million,1,1,0,1,0
mind,2,1,0,1,2
mine,2,0,0,1,1
minor,0,1,0,0,0
minute,0,1,0,1,0
miracle,1,0,0,0,0
mirror,0,1,0,0,0
miss,0,0,1,0,0
missing,0,1,0,0,0
mistake,1,1,0,0,1
mistress,0,0,0,0,1
misunderstood,1,0,0,0,0
mm,0,0,0,1,0
mom,0,1,0,0,0
moment,0,2,0,0,1
momma,0,0,0,0,1
monday,0,0,1,0,1
money,0,0,0,1,1
monkey,0,0,0,1,0
month,0,1,0,0,0
moonlight,0,1,0,0,0
more,0,0,0,0,1
morning,0,1,0,0,1
motel,0,0,0,1,1
mother,0,2,0,0,1
motor,0,0,1,0,0
mountain,0,4,0,0,0
mouth,1,0,0,0,0
move,0,5,0,0,0
moved,0,2,0,0,1
movement,0,1,0,0,0
movie,0,0,0,0,1
moving,0,1,0,0,0
much,1,1,0,0,2
music,0,1,0,0,0
must,0,0,0,2,0
mystery,2,1,0,0,0
mystifies,0,1,0,0,0
na,0,0,0,1,0
nah,0,0,0,1,0
nail,0,1,0,1,1
name,1,2,0,2,2
name34embed,0,0,0,1,0
nana,0,0,0,1,0
nana4embed,0,0,0,1,0
nanana,0,0,0,1,0
nasty,0,0,0,1,0
near,0,1,0,0,1
necktie,0,1,0,0,0
need,1,8,1,4,3
needed,0,1,0,0,0
needing,0,0,0,0,1
needle,0,0,0,1,0
neighbor,0,2,0,0,0
neon,0,0,0,1,0
nervous,0,2,0,0,0
nevada,0,1,0,0,0
never,3,7,2,5,3
new,1,1,1,1,0
news,0,2,0,0,0
next,0,2,0,0,0
nice,1,0,0,1,0
night,2,7,1,9,5
nightembed,0,0,0,0,1
nightmare,0,1,0,0,1
nineteen,0,1,0,0,0
no,0,0,0,0,1
no3embed,0,0,0,0,1
nobody,0,0,0,1,2
noose,0,1,0,0,0
not,0,0,0,0,1
nothin,0,3,0,0,0
nothing,1,4,0,3,6
noticed,0,1,0,0,0
now,1,2,0,0,0
nowhere,0,1,0,2,0
number,0,2,0,0,0
numbered,0,1,0,0,0
nurse,0,2,0,1,0
ocean,0,1,0,0,0
octane,0,0,0,1,0
offer,0,3,0,0,0
oh,3,4,1,5,4
ohembed,0,1,0,0,0
ohh,1,0,0,0,0
ohio,0,1,0,0,0
ohoh,0,1,0,0,0
ohohoh,0,1,1,1,0
ohohohoh,0,0,0,0,1
ohohohohoh,0,0,1,0,0
oil,0,0,0,0,1
ok,1,0,0,0,0
okay,0,0,0,2,1
old,3,3,0,1,4
older,0,2,0,0,0
on,0,0,0,2,1
once,0,1,0,0,0
one,6,12,1,7,4
onto,1,0,0,0,0
ooh,0,0,0,5,2
open,1,3,0,0,1
order,0,1,0,0,0
orlando,0,1,0,0,0
others,0,0,0,1,0
our,0,1,0,0,0
out,0,1,0,1,0
outdrew,0,1,0,0,0
outro,4,5,3,8,2
outro1embed,0,0,0,0,1
outside,2,3,0,1,0
overthrew,0,1,0,0,0
pack,0,0,0,0,1
packed,0,0,0,0,1
page,1,2,0,0,0
paid,1,0,0,0,1
pain,0,1,0,0,4
painful,0,1,0,0,0
paint,1,0,0,2,0
paper,0,1,0,1,0
paradise,0,1,0,0,0
paramedic,0,0,0,1,0
park,0,2,0,1,0
part,1,0,0,2,0
parted,1,0,0,0,0
parting,1,0,0,0,0
party,0,0,1,0,0
pas,0,1,0,1,0
paso,0,1,0,0,0
passed,1,0,0,0,0
passion,0,0,0,1,0
patriot,0,1,0,0,0
paved,1,0,0,0,1
pay,0,2,0,2,2
paycheck,0,2,0,0,0
payoff,0,0,0,0,1
payphone,0,0,0,0,1
peace,0,1,1,0,0
penn,0,1,0,0,0
pennsylvania,0,1,0,0,0
people,0,0,0,1,0
perfect,0,1,0,0,1
perfume,0,0,0,0,1
permanent,0,0,0,1,0
phoenix,0,0,0,1,0
phone,1,0,0,0,0
photograph,1,0,0,0,0
piano,0,0,0,0,1
pick,1,0,0,0,1
picture,0,2,0,1,1
piece,1,0,0,0,2
pill,1,0,0,2,0
pittsburgh,0,1,0,0,0
place,1,4,1,3,3
plan,1,0,0,1,0
plastic,0,0,0,1,0
play,0,0,0,4,0
played,0,1,0,1,1
playin,0,0,0,1,0
plea,0,1,0,0,0
pleaded,0,1,0,0,0
please,0,1,0,2,2
poet,0,1,0,1,1
point,0,2,0,0,0
poison,0,0,0,1,0
politician,0,1,0,0,0
postchorus,1,2,0,1,1
pot,1,0,0,0,0
potion,0,0,0,1,0
pour,0,1,0,0,0
power,0,1,0,0,0
ppe,0,2,0,0,0
pray,0,2,0,0,0
prayed,0,0,0,0,1
prayer,1,6,0,1,2
prayer49embed,0,0,0,1,0
prayin,0,1,1,0,0
praying,0,1,0,0,1
preacher,0,0,0,1,1
prechorus,1,5,2,11,5
prescribe,0,1,0,1,0
prescription,0,1,0,1,0
president,0,0,0,1,0
pressure,0,1,0,0,0
pretend,0,1,0,0,0
pretty,0,1,0,0,0
price,1,0,0,0,1
pride,0,1,0,1,2
priest,0,1,0,0,0
prison,0,0,0,1,0
probably,0,0,1,0,0
prom,0,1,0,1,0
promise,0,3,2,1,2
promised,0,0,0,1,0
proof,0,1,0,0,0
prosper,0,0,0,0,1
protest,0,2,0,0,0
prove,0,0,0,0,1
pull,0,1,0,0,1
purpose,0,1,0,0,0
put,0,1,0,2,0
racin,0,0,0,1,0
radio,0,0,0,2,0
raging,0,1,0,0,0
rain,0,2,0,0,4
rainbow,1,0,0,0,0
raining,0,0,0,0,1
rainy,0,0,0,1,0
raise,2,0,0,1,0
raised,0,1,0,0,0
ran,0,0,0,0,1
ransom,0,0,0,1,1
rap,0,0,0,1,0
rather,0,0,0,0,1
reach,0,0,0,0,1
reaching,1,0,0,0,0
read,0,1,0,1,0
readin,0,1,0,0,0
ready,0,0,0,2,0
real,0,1,0,0,0
really,0,1,1,1,1
reason,1,0,0,1,1
reckoning,0,1,0,0,0
reckoningembed,0,1,0,0,0
red,0,2,0,1,0
regret,0,0,1,0,0
remedy,0,1,0,1,0
remember,0,6,0,2,1
rememberin,0,0,0,1,0
reminds,0,0,0,0,1
renegade,0,0,0,0,1
repeat,0,2,0,0,0
replace,1,0,0,0,0
reporter,0,1,0,0,0
reputation,0,0,0,1,0
rescue,1,0,0,0,0
respirator,0,0,0,1,0
rest,0,0,1,0,0
reward,0,0,0,0,1
rewind,1,0,0,0,0
rhyme,0,0,0,0,1
rhythm,0,1,0,0,0
ride,0,1,0,4,0
rifle,0,1,0,0,0
right,1,5,1,3,2
ring,1,1,1,0,0
ringing,1,1,0,0,0
rising,0,1,0,0,0
risk,1,1,0,0,0
river,0,0,1,1,1
road,2,0,0,1,0
rock,0,1,0,2,0
rocked,0,0,0,1,0
rocket,0,1,0,0,0
rockin,0,0,0,1,0
roll,0,0,1,1,1
roller,0,1,0,0,0
rollin,0,2,0,0,0
rolling,2,1,0,0,0
rome,0,0,0,0,1
romeo,0,0,1,0,1
roof,0,1,0,0,0
room,0,1,0,1,2
rose,0,1,1,0,3
roses11embed,0,0,0,0,1
rough,0,1,0,0,0
round,0,5,0,0,1
roxie,0,0,0,1,0
rule,0,0,0,2,0
run,1,6,0,4,3
runaway,0,0,0,1,0
runaway7embed,0,0,0,1,0
runnin,0,0,0,1,0
running,1,0,1,1,0
russian,0,1,0,0,0
sable,0,0,0,1,0
sacrificed,1,0,0,0,0
sad,0,0,0,0,1
said,2,2,0,3,3
saint,1,0,0,0,0
sale,0,1,0,0,0
sale1embed,0,1,0,0,0
sally,0,0,0,1,0
same,0,2,0,1,1
sand,0,1,0,0,1
sandy,0,1,0,0,0
satan,0,1,0,0,0
satisfaction,0,0,0,1,0
saturday,0,0,1,0,1
save,0,1,1,2,0
saving,1,1,0,0,1
savior,0,0,1,0,1
saw,0,3,0,1,1
say,6,4,3,7,3
sayreville,0,0,0,1,0
scar,0,1,0,0,0
scared,0,1,0,0,0
scattered,0,0,0,0,1
school,0,3,0,3,0
scream,0,4,0,0,0
scrub,0,1,0,0,0
sea,1,1,0,0,0
sealed,0,1,0,0,0
season,0,1,0,0,1
sebring,0,1,0,0,0
second,0,0,0,0,1
secret,0,2,0,0,0
see,4,4,1,4,4
seed,1,0,0,0,0
seem,0,0,0,0,1
seems,1,0,0,1,1
seen,0,2,1,2,2
sell,1,0,0,1,0
send,0,2,1,0,0
sent,0,1,0,0,0
separate,0,0,0,1,0
sergeant,0,1,0,0,0
service,0,1,0,0,0
set,0,2,0,2,0
seven,0,1,1,1,0
señoritas,0,0,0,1,0
shadow,0,1,0,1,0
shake,1,0,0,1,0
shark,0,1,0,0,0
sheep,0,1,0,0,0
sheet,0,1,0,0,0
shelter,0,1,0,0,1
shine,1,1,0,0,1
shining,1,0,0,0,0
shit,0,0,0,0,1
shoe,0,2,0,0,1
shoot,0,2,0,0,0
shore,0,0,1,0,0
shot,0,0,0,5,0
shot1embed,0,0,0,1,0
shoulder,0,2,0,0,0
shout,1,1,0,0,0
shoved,0,1,0,0,0
show,2,2,0,3,0
shut,1,0,0,0,0
shutting,0,2,0,0,0
shy,0,0,0,1,0
side,1,1,0,4,0
sidewalk,0,2,0,0,0
sideways,1,0,0,0,0
siege,0,1,0,0,0
sign,0,0,0,1,0
silent,1,1,0,0,0
silver,0,1,0,0,0
sin,0,1,0,0,1
since,0,1,0,0,1
sing,1,0,0,1,1
singer,0,0,0,1,0
singing,0,0,0,0,1
single,0,1,0,1,0
sinner,1,1,0,0,0
sipping,1,0,0,0,0
sir,0,2,0,0,0
sit,0,2,0,2,0
sitting,0,0,0,0,1
situation,0,0,0,1,0
six,0,1,1,0,0
sixpack,0,0,0,1,0
sixstring,0,0,0,2,0
sixteen,0,0,0,0,1
skin,0,1,0,0,0
skinny,0,0,0,1,0
skippin,0,0,0,1,0
sky,1,2,1,0,1
skyline,0,1,0,0,0
skype,0,1,0,0,0
slaving,1,0,0,0,0
sleep,0,4,1,1,1
sleepin,0,1,0,0,0
sleeping,1,0,0,0,1
slide,0,1,0,0,0
slip,0,1,0,0,0
slipped,1,0,0,0,0
slow,0,0,0,1,0
slower,0,1,0,0,0
slumber,0,0,1,0,0
small,0,2,0,0,0
smaller,0,1,0,0,0
smell,0,0,0,0,1
smile,1,0,0,1,1
smoke,0,1,0,0,0
smoky,0,0,0,1,0
snap,0,1,0,0,0
so,0,0,0,1,0
soaking,0,1,0,0,0
social,0,2,0,2,0
society,0,0,0,0,1
sold,0,1,0,0,1
soldier,0,3,0,0,0
solve,1,0,0,0,0
somebody,0,1,0,1,1
someday,0,2,0,1,2
somehow,0,0,0,0,1
someone,0,3,0,0,1
somethin,0,1,0,1,0
something,2,2,0,2,1
sometimes,1,1,1,1,2
somewhere,0,1,0,1,0
son,0,2,0,0,1
song,1,2,0,1,4
song1embed,0,0,0,0,1
soon,0,1,0,1,0
sorry,0,0,1,1,0
soul,0,2,0,0,2
sound,0,1,0,0,0
sounded,1,0,0,0,0
south,1,0,0,0,0
southwest,0,1,0,0,0
sown,1,0,0,0,0
space,0,1,0,0,0
spark,0,2,0,1,0
speak,0,1,0,0,0
speed,0,0,1,0,0
spend,0,0,1,0,0
spending,1,0,0,0,0
spends,0,0,0,0,1
spent,1,0,0,0,0
spike,0,1,0,0,0
spine,0,1,0,0,0
spit,1,1,0,0,0
spotlight,0,0,0,0,1
squeezing,0,0,0,0,1
stack,0,1,0,0,0
staked,0,1,0,0,0
stand,3,2,0,1,3
standin,0,0,0,1,0
standing,1,1,0,2,1
star,0,2,0,0,2
stared,0,1,0,0,1
staring,0,1,0,0,0
start,0,2,0,1,0
starve,0,0,1,0,0
state,0,1,0,0,0
stateside,0,1,0,0,0
stay,1,2,0,0,0
staying,1,0,0,0,0
steal,1,0,1,0,1
stealing,0,0,0,1,0
steel,0,0,0,1,0
step,1,4,0,0,1
sticky,0,0,0,1,0
still,1,3,0,2,5
stocking,0,0,0,1,0
stone,1,1,0,0,0
stoneman,0,1,0,0,0
stood,1,1,0,0,0
stop,0,2,0,2,0
store,0,2,0,0,0
storm,0,2,0,0,0
story,2,3,0,0,1
stranger,0,3,0,1,0
street,4,4,0,3,3
stretch,1,0,0,0,0
strike,0,0,0,1,0
stripe,0,1,0,0,0
strong,0,1,0,1,3
stuff,0,1,0,0,0
stumbled,1,0,0,0,0
styrofoam,0,0,0,0,1
substitute,0,2,0,0,0
succumbed,0,2,0,0,0
suffered,0,0,0,0,1
suffering,0,1,0,0,0
sugar,0,1,0,0,0
suicide,0,1,1,0,0
suitcase,0,0,1,0,1
summer,0,0,0,0,1
summoning,0,1,0,0,0
sun,1,1,1,0,2
sunday,0,0,1,0,0
sunset,0,0,0,1,0
sunshine,0,1,0,0,0
sure,0,0,1,2,0
surrender,0,0,0,1,0
survive,0,0,0,0,1
swallow,1,0,0,0,0
swear,1,0,1,1,0
sweat,0,2,0,0,0
sweatin,0,1,0,0,0
sweet,0,2,0,0,0
swimmin,0,0,1,0,0
swimming,0,1,0,0,1
swing,0,0,0,1,0
swore,0,0,0,1,0
symptom,0,0,0,1,0
sеnd,0,1,0,0,0
table,0,1,0,4,0
take,2,5,0,6,5
takeout,0,1,0,0,0
taking,0,0,0,1,1
talk,1,2,1,4,0
talking,0,1,0,1,1
tall,1,1,0,2,1
taller,0,1,0,0,0
tango,0,0,0,1,0
taste,0,2,0,0,0
taught,0,1,0,0,0
teacher,0,0,0,1,0
tear,0,2,1,0,0
teardrop,0,1,0,0,0
technicolor,0,1,0,0,0
teeth,0,1,0,0,0
telephone,1,0,0,1,0
tell,1,2,0,5,3
ten,0,0,0,1,0
test,0,0,0,0,1
texas,0,1,0,0,0
thank,1,0,0,0,0
thats,3,6,0,3,2
theese,0,0,0,0,1
them,0,1,0,1,0
then,0,0,0,0,1
there,4,14,0,5,5
therell,0,1,0,0,0
these,0,1,0,0,0
theyll,0,2,0,2,0
theyre,1,5,0,2,1
theyve,0,2,0,0,0
thing,4,2,1,1,4
think,1,2,0,1,2
thinking,0,1,0,0,1
thirst,0,1,0,0,0
thirsty,0,0,1,0,0
thirtytwo,0,0,0,1,0
this,0,1,0,0,0
thorny,0,1,0,0,0
though,0,0,0,0,1
thought,0,4,0,0,1
thousand,1,1,1,0,0
thousandyearold,0,1,0,0,0
three,0,3,0,2,0
threw,0,0,0,1,0
thrill,0,1,0,1,0
throne,0,1,0,0,0
thunder,0,2,0,0,0
thursday,0,0,0,0,1
tide,0,3,0,0,0
tied,0,1,0,0,0
tight,0,1,0,2,0
til,0,2,0,1,0
till,1,1,0,1,2
time,3,9,2,9,8
tired,0,1,0,0,0
to,1,0,0,0,0
today,0,2,0,0,0
together,0,2,0,2,0
tokyo,0,0,0,1,0
told,0,1,0,0,1
tommy,1,1,0,1,0
tommys,0,0,0,1,0
tomorrow,2,3,1,0,1
tongue,1,0,0,0,0
tonight,2,3,0,1,2
tonight3embed,0,0,0,0,1
took,0,1,0,2,1
torch,0,1,0,0,0
touch,0,2,0,1,1
tough,0,0,1,1,1
town,0,3,0,1,0
track,0,2,0,1,0
trade,0,1,0,0,0
train,0,0,0,1,1
trash,0,0,0,1,0
tray,0,0,0,1,0
treasure,0,1,0,0,0
tree,0,1,0,0,0
trick,0,1,0,0,0
tried,3,0,0,0,1
tripping,1,0,0,0,0
trucker,0,2,0,0,0
true,0,0,2,1,1
trust,0,1,0,0,0
truth,1,2,0,1,1
try,1,0,0,2,2
tryin,0,1,0,0,0
trying,3,0,0,1,3
tryna,1,1,0,0,0
tucked,0,1,0,0,0
tuesday,0,0,0,0,1
turn,1,1,0,1,2
turned,0,2,0,2,0
turning,0,0,0,0,1
tv,0,2,0,1,0
twelve,0,1,0,0,0
twentyfour,0,1,0,0,0
twentytwo,0,1,0,0,0
twice,0,1,0,0,0
twilight,1,0,0,0,0
two,0,0,0,2,0
unafraid,0,1,0,0,0
unbroken,0,1,0,0,0
under,0,0,1,0,0
understand,2,2,1,1,1
union,0,0,0,1,0
university,0,1,0,0,0
up,0,2,0,2,0
upon,0,0,0,1,0
upside,0,1,0,0,0
upstate,0,1,0,0,0
uptown,0,0,0,1,0
use,0,1,1,0,0
used,1,3,0,3,0
vaccination,0,2,0,0,0
vagabond,0,0,0,0,1
valentine,0,0,1,0,0
vancouver,0,0,0,1,0
ve,0,1,0,0,1
vega,0,1,0,0,0
vein,0,2,0,0,1
victory,0,1,0,0,0
vine,0,0,0,0,1
virginia,0,1,0,0,0
vodka,0,0,0,0,1
voice,1,3,0,0,0
wa,0,1,0,0,0
wage,0,2,0,0,0
wait,0,0,0,1,1
waiting,0,1,0,0,1
wake,0,1,0,0,1
walk,1,4,0,2,0
walked,0,1,0,0,0
walking,1,0,0,0,2
wall,0,3,0,0,0
wallet,0,1,0,0,0
wallsembed,0,1,0,0,0
wanna,3,7,0,2,1
wannabe,0,0,0,0,1
want,5,3,1,2,4
wanted,0,0,1,1,1
wanting,0,2,0,0,0
war,0,1,0,0,1
wash,0,0,0,0,2
waste,0,0,0,1,1
wasted,0,0,0,0,1
wastin,0,0,0,1,0
wasting,1,0,0,0,0
watch,0,1,0,0,1
water,0,3,1,0,1
water1embed,0,1,0,0,0
wave,0,3,0,0,0
way,2,3,0,2,4
wayward,0,0,0,0,1
we,1,0,0,0,1
wear,1,0,0,0,1
wed,0,1,0,2,0
week,0,1,1,0,0
weekend,0,0,0,1,0
well,2,6,2,7,4
went,1,0,0,0,2
were,1,6,1,5,2
weren,1,0,0,0,0
weve,0,0,1,2,1
what,1,1,0,0,0
whatever,0,0,0,0,1
whats,1,1,0,0,1
whens,0,0,0,1,0
wheres,0,1,0,0,0
wherever,0,2,0,0,0
whiskey,0,0,0,0,1
whisper,0,0,0,1,1
white,2,1,0,2,0
who,1,4,0,0,0
whoa,0,2,0,0,1
whoaoh,0,1,0,0,0
whoaohoh,0,1,0,0,0
whoaohohoh,0,1,0,0,0
whole,0,0,0,0,2
whore,0,0,0,0,1
why,1,0,0,0,0
wider,0,1,0,0,0
wife,0,0,0,0,1
wig,0,0,0,0,1
wild,0,0,1,1,0
willing,0,0,0,1,0
win,0,0,0,1,0
wind,2,1,0,0,0
window,0,3,0,0,1
wine,1,1,1,0,1
wing,1,0,0,0,0
wipe,0,0,0,1,0
wire,0,0,0,1,1
wish,0,3,1,0,3
without,1,0,1,1,1
woah,1,0,1,3,0
woah7embed,0,0,1,0,0
woahoh,0,0,0,1,0
woahohoh,0,0,0,1,0
woahohoh1embed,0,0,0,1,0
wolf,0,1,0,0,0
woman,0,3,0,0,0
wonder,0,1,0,0,0
wondered,0,0,0,0,1
word,2,4,1,1,2
wore,0,0,0,0,1
work,0,1,0,2,0
worked,0,0,0,1,0
worker,0,2,0,0,0
workin,0,2,0,1,0
working,0,1,0,0,0
world,3,4,1,3,3
worse,1,0,0,0,1
worth,0,2,0,0,1
would,3,2,1,5,3
wounded,0,0,0,0,1
wrap,0,1,0,0,0
wrapped,0,0,0,1,0
wrecking,0,1,0,0,0
write,2,1,0,0,0
writing,1,2,0,0,0
written,0,1,0,0,0
wrong,1,0,0,0,2
ya,0,1,0,0,0
yard,1,0,0,0,0
yeah1embed,0,0,0,1,0
yeah2embed,1,1,0,0,0
year,1,1,1,1,1
yes,0,1,0,1,0
yesterday,1,2,1,0,1
yet,0,3,0,1,0
york,0,0,0,1,0
you,1,2,1,3,2
you2embed,0,0,1,0,0
young,0,2,0,1,0
younger,0,1,0,0,0
zone,1,0,0,0,0
